{
  "project_info": {
    "project_number": "825981037229",
    "firebase_url": "https://my1stlocationtracingapp.firebaseio.com",
    "project_id": "my1stlocationtracingapp",
    "storage_bucket": "my1stlocationtracingapp.appspot.com"
  },
  "client": [
    {
      "client_info": {
        "mobilesdk_app_id": "1:825981037229:android:48bee2a103d56bcaab7424",
        "android_client_info": {
          "package_name": "com.example.my1stlocationtracingapp"
        }
      },
      "oauth_client": [
        {
          "client_id": "825981037229-bjkk9cc0m74r1isjhmm81cn3fs6tcp4s.apps.googleusercontent.com",
          "client_type": 1,
          "android_info": {
            "package_name": "com.example.my1stlocationtracingapp",
            "certificate_hash": "5900c5d53ca31bdc30ce07892b97cb9c01c2b4a6"
          }
        },
        {
          "client_id": "825981037229-vcp111vg8mmtq72u4da6t06nlrsf4m02.apps.googleusercontent.com",
          "client_type": 3
        }
      ],
      "api_key": [
        {
          "current_key": "AIzaSyAmxq_pq183TcyGYAaurDWZKyo-e96OKds"
        }
      ],
      "services": {
        "appinvite_service": {
          "other_platform_oauth_client": [
            {
              "client_id": "825981037229-vcp111vg8mmtq72u4da6t06nlrsf4m02.apps.googleusercontent.com",
              "client_type": 3
            }
          ]
        }
      }
    }
  ],
  "configuration_version": "1"
}